application_id,customer_id,name,mobile,loan_type,loan_amount,employment_type,application_status,created_timestamp
A001,C001,User1,9361515959,Home,468449,Self-Employed,Incomplete,15-01-2026
A002,C002,User2,9326986113,Home,1266900,Self-Employed,Incomplete,29-01-2026
A003,C003,User3,9746386997,Home,2352397,Self-Employed,Incomplete,09-01-2026
A004,C004,User4,9703416206,Personal,854182,Salaried,Incomplete,06-01-2026
A005,C005,User5,9524491039,Home,2357911,Self-Employed,Submitted,18-01-2026
A006,C006,User6,9299329812,Personal,267041,Salaried,Incomplete,26-01-2026
A007,C007,User7,9698491303,Personal,2150165,Salaried,Incomplete,01-01-2026
A008,C008,User8,9946869536,Car,1916496,Self-Employed,Incomplete,18-01-2026
A009,C009,User9,9913312536,Car,1490876,Self-Employed,Incomplete,07-01-2026
A010,C010,User10,9838087457,Home,1521238,Self-Employed,Submitted,08-01-2026
A011,C011,User11,9477814710,Home,1232798,Salaried,Submitted,09-01-2026
A012,C012,User12,9243632978,Personal,2547722,Salaried,Submitted,01-01-2026
A013,C013,User13,9622193560,Personal,2039766,Salaried,Incomplete,02-01-2026
A014,C014,User14,9262213711,Car,2407001,Salaried,Incomplete,26-01-2026
A015,C015,User15,9210743787,Car,1315048,Salaried,Submitted,19-01-2026
A016,C016,User16,9230568827,Personal,2776351,Salaried,Incomplete,12-01-2026
A017,C017,User17,9174024245,Car,2927724,Self-Employed,Submitted,26-01-2026
A018,C018,User18,9886099502,Car,2650744,Self-Employed,Incomplete,13-01-2026
A019,C019,User19,9523682048,Home,2272059,Salaried,Incomplete,18-01-2026
A020,C020,User20,9741549117,Car,2852701,Self-Employed,Submitted,15-01-2026
A021,C021,User21,9332640164,Car,938559,Salaried,Incomplete,04-01-2026
A022,C022,User22,9421058354,Personal,2076097,Salaried,Submitted,04-01-2026
A023,C023,User23,9948421552,Car,2439128,Self-Employed,Submitted,06-01-2026
A024,C024,User24,9365505951,Personal,2786084,Self-Employed,Submitted,11-01-2026
A025,C025,User25,9222605847,Car,236736,Self-Employed,Incomplete,30-01-2026
A026,C026,User26,9475839485,Home,2901620,Self-Employed,Submitted,23-01-2026
A027,C027,User27,9897972500,Personal,2645941,Self-Employed,Submitted,06-01-2026
A028,C028,User28,9829920164,Car,2511849,Salaried,Submitted,27-01-2026
A029,C029,User29,9235987403,Personal,819624,Salaried,Submitted,25-01-2026
A030,C030,User30,9681103058,Personal,1447381,Salaried,Submitted,05-01-2026
A031,C031,User31,9641026785,Personal,2493048,Self-Employed,Incomplete,16-01-2026
A032,C032,User32,9509037457,Car,2695876,Self-Employed,Submitted,10-01-2026
A033,C033,User33,9650299171,Home,1354099,Self-Employed,Incomplete,28-01-2026
A034,C034,User34,9369664722,Car,2207131,Self-Employed,Incomplete,05-01-2026
A035,C035,User35,9646000064,Car,553928,Salaried,Submitted,18-01-2026
A036,C036,User36,9677763733,Home,1626172,Salaried,Submitted,24-01-2026
A037,C037,User37,9598142198,Home,2042166,Self-Employed,Incomplete,01-01-2026
A038,C038,User38,9725019741,Personal,498471,Self-Employed,Submitted,07-01-2026
A039,C039,User39,9506120707,Car,176964,Self-Employed,Submitted,05-01-2026
A040,C040,User40,9929929217,Personal,2699445,Salaried,Incomplete,03-01-2026
A041,C041,User41,9635858359,Home,1283326,Salaried,Incomplete,28-01-2026
A042,C042,User42,9953387220,Home,2167733,Salaried,Incomplete,01-01-2026
A043,C043,User43,9622205519,Personal,446873,Salaried,Submitted,25-01-2026
A044,C044,User44,9898164256,Personal,177717,Salaried,Incomplete,23-01-2026
A045,C045,User45,9900200111,Car,1961862,Salaried,Incomplete,28-01-2026
A046,C046,User46,9268487625,Car,579247,Self-Employed,Submitted,09-01-2026
A047,C047,User47,9580069308,Personal,2145722,Salaried,Incomplete,27-01-2026
A048,C048,User48,9337405030,Home,1314675,Self-Employed,Submitted,30-01-2026
A049,C049,User49,9428744010,Personal,2457703,Self-Employed,Incomplete,11-01-2026
A050,C050,User50,9885769464,Car,846156,Self-Employed,Submitted,01-01-2026
A051,C051,User51,9582692047,Car,361905,Salaried,Incomplete,07-01-2026
A052,C052,User52,9877170509,Personal,1963996,Salaried,Submitted,31-01-2026
A053,C053,User53,9893460236,Personal,2550719,Salaried,Incomplete,02-01-2026
A054,C054,User54,9366247132,Car,2391001,Self-Employed,Incomplete,25-01-2026
A055,C055,User55,9736559005,Home,2325537,Self-Employed,Incomplete,26-01-2026
A056,C056,User56,9451386097,Home,1375677,Self-Employed,Submitted,02-01-2026
A057,C057,User57,9378035790,Car,2482990,Self-Employed,Incomplete,02-01-2026
A058,C058,User58,9477793570,Personal,662535,Self-Employed,Incomplete,13-01-2026
A059,C059,User59,9811852429,Car,470750,Self-Employed,Incomplete,24-01-2026
A060,C060,User60,9662366631,Car,2120869,Salaried,Incomplete,11-01-2026
A061,C061,User61,9859538431,Car,300631,Salaried,Incomplete,16-01-2026
A062,C062,User62,9450685124,Home,2474032,Self-Employed,Incomplete,25-01-2026
A063,C063,User63,9509424554,Personal,1442246,Self-Employed,Submitted,16-01-2026
A064,C064,User64,9916453335,Personal,2794564,Self-Employed,Submitted,15-01-2026
A065,C065,User65,9528870348,Personal,570870,Salaried,Submitted,01-01-2026
A066,C066,User66,9504395670,Home,2572522,Salaried,Incomplete,06-01-2026
A067,C067,User67,9546460732,Home,2842109,Self-Employed,Incomplete,24-01-2026
A068,C068,User68,9947064737,Car,1003546,Salaried,Incomplete,23-01-2026
A069,C069,User69,9247634946,Personal,1338433,Self-Employed,Submitted,28-01-2026
A070,C070,User70,9181419235,Personal,2247285,Self-Employed,Incomplete,20-01-2026
A071,C071,User71,9747444798,Personal,1989045,Self-Employed,Submitted,14-01-2026
A072,C072,User72,9481998772,Personal,864959,Self-Employed,Submitted,03-01-2026
A073,C073,User73,9857504161,Personal,288628,Self-Employed,Incomplete,25-01-2026
A074,C074,User74,9219915786,Personal,2985647,Self-Employed,Submitted,27-01-2026
A075,C075,User75,9579606604,Car,2617482,Salaried,Incomplete,02-01-2026
A076,C076,User76,9932723022,Home,336258,Self-Employed,Submitted,09-01-2026
A077,C077,User77,9651241999,Home,642416,Self-Employed,Incomplete,13-01-2026
A078,C078,User78,9399610727,Personal,617425,Self-Employed,Submitted,17-01-2026
A079,C079,User79,9931576032,Home,731141,Self-Employed,Incomplete,10-01-2026
A080,C080,User80,9850770810,Home,2667273,Salaried,Incomplete,27-01-2026
A081,C081,User81,9631447574,Home,2514421,Salaried,Submitted,22-01-2026
A082,C082,User82,9815416313,Home,100515,Self-Employed,Incomplete,15-01-2026
A083,C083,User83,9131457733,Car,505444,Salaried,Incomplete,06-01-2026
A084,C084,User84,9960290735,Personal,1071679,Self-Employed,Submitted,05-01-2026
A085,C085,User85,9492965072,Car,2880827,Self-Employed,Submitted,09-01-2026
A086,C086,User86,9630049953,Car,2483077,Salaried,Submitted,03-01-2026
A087,C087,User87,9692248818,Personal,2187415,Self-Employed,Submitted,21-01-2026
A088,C088,User88,9745234592,Personal,2610767,Salaried,Submitted,24-01-2026
A089,C089,User89,9933481380,Personal,2016518,Self-Employed,Incomplete,20-01-2026
A090,C090,User90,9919803471,Car,713477,Self-Employed,Incomplete,19-01-2026
A091,C091,User91,9739895234,Car,1450619,Salaried,Submitted,12-01-2026
A092,C092,User92,9790107431,Personal,985647,Salaried,Incomplete,28-01-2026
A093,C093,User93,9991856498,Personal,492288,Self-Employed,Submitted,14-01-2026
A094,C094,User94,9186975754,Personal,1923497,Salaried,Submitted,15-01-2026
A095,C095,User95,9313342793,Home,2578921,Self-Employed,Submitted,14-01-2026
A096,C096,User96,9690755324,Car,487658,Salaried,Submitted,05-01-2026
A097,C097,User97,9326585739,Car,1759167,Salaried,Incomplete,04-01-2026
A098,C098,User98,9433132346,Home,1204095,Salaried,Incomplete,08-01-2026
A099,C099,User99,9610919783,Personal,958276,Self-Employed,Submitted,19-01-2026
A100,C100,User100,9423048407,Car,360184,Self-Employed,Incomplete,28-01-2026
A101,C101,User101,9139067893,Personal,1317896,Self-Employed,Incomplete,13-01-2026
A102,C102,User102,9650057231,Personal,682628,Self-Employed,Incomplete,20-01-2026
A103,C103,User103,9414587445,Car,1419846,Salaried,Submitted,08-01-2026
A104,C104,User104,9519408538,Personal,1452241,Salaried,Submitted,12-01-2026
A105,C105,User105,9362921748,Home,2219564,Salaried,Submitted,28-01-2026
A106,C106,User106,9851632265,Car,1568085,Self-Employed,Submitted,15-01-2026
A107,C107,User107,9783459714,Personal,1772667,Self-Employed,Incomplete,11-01-2026
A108,C108,User108,9503791263,Home,229896,Salaried,Submitted,09-01-2026
A109,C109,User109,9248454728,Car,1342980,Self-Employed,Submitted,13-01-2026
A110,C110,User110,9300386580,Car,2215064,Salaried,Submitted,07-01-2026
A111,C111,User111,9998164369,Personal,1149066,Salaried,Incomplete,04-01-2026
A112,C112,User112,9738670890,Car,592288,Salaried,Submitted,13-01-2026
A113,C113,User113,9247440918,Personal,2098676,Self-Employed,Submitted,07-01-2026
A114,C114,User114,9675459648,Car,2909156,Salaried,Incomplete,19-01-2026
A115,C115,User115,9695748063,Personal,476028,Self-Employed,Incomplete,02-01-2026
A116,C116,User116,9646339608,Car,1537903,Salaried,Submitted,11-01-2026
A117,C117,User117,9833029675,Home,823974,Salaried,Submitted,05-01-2026
A118,C118,User118,9992207854,Car,2126389,Self-Employed,Submitted,29-01-2026
A119,C119,User119,9639542111,Personal,399658,Salaried,Submitted,21-01-2026
A120,C120,User120,9368562558,Car,827095,Self-Employed,Submitted,26-01-2026
A121,C121,User121,9476114212,Home,226229,Salaried,Submitted,25-01-2026
A122,C122,User122,9309423528,Home,210223,Self-Employed,Incomplete,23-01-2026
A123,C123,User123,9755944013,Car,2976863,Salaried,Submitted,06-01-2026
A124,C124,User124,9763805400,Home,1299625,Salaried,Incomplete,29-01-2026
A125,C125,User125,9158721950,Personal,2197775,Self-Employed,Incomplete,20-01-2026
A126,C126,User126,9464054594,Car,114334,Self-Employed,Incomplete,16-01-2026
A127,C127,User127,9165929823,Personal,2964948,Salaried,Incomplete,05-01-2026
A128,C128,User128,9414707288,Car,992396,Self-Employed,Incomplete,12-01-2026
A129,C129,User129,9889200140,Personal,2549520,Salaried,Submitted,15-01-2026
A130,C130,User130,9623767255,Home,671083,Salaried,Incomplete,30-01-2026
A131,C131,User131,9933357820,Home,1615737,Self-Employed,Incomplete,16-01-2026
A132,C132,User132,9791197834,Car,2659328,Salaried,Submitted,24-01-2026
A133,C133,User133,9906536314,Home,1256896,Self-Employed,Incomplete,29-01-2026
A134,C134,User134,9118424373,Home,2310076,Self-Employed,Incomplete,04-01-2026
A135,C135,User135,9855931939,Personal,518597,Self-Employed,Incomplete,14-01-2026
A136,C136,User136,9338945916,Home,293402,Self-Employed,Incomplete,11-01-2026
A137,C137,User137,9558779460,Personal,2849793,Self-Employed,Submitted,13-01-2026
A138,C138,User138,9876329260,Car,732050,Salaried,Incomplete,24-01-2026
A139,C139,User139,9340709614,Car,703947,Self-Employed,Submitted,23-01-2026
A140,C140,User140,9632861692,Personal,2537135,Self-Employed,Submitted,10-01-2026
A141,C141,User141,9710569143,Car,2484070,Self-Employed,Submitted,18-01-2026
A142,C142,User142,9443928252,Personal,832001,Salaried,Submitted,26-01-2026
A143,C143,User143,9942345560,Car,422197,Self-Employed,Submitted,24-01-2026
A144,C144,User144,9725538401,Personal,1759757,Salaried,Incomplete,30-01-2026
A145,C145,User145,9783108271,Car,2665638,Salaried,Submitted,12-01-2026
A146,C146,User146,9110872516,Personal,1364527,Salaried,Submitted,30-01-2026
A147,C147,User147,9904719591,Personal,2507698,Self-Employed,Incomplete,08-01-2026
A148,C148,User148,9567737651,Car,370048,Self-Employed,Incomplete,07-01-2026
A149,C149,User149,9975659989,Home,1161118,Salaried,Submitted,12-01-2026
A150,C150,User150,9638583981,Home,625241,Salaried,Submitted,16-01-2026
A151,C151,User151,9622411297,Car,1777392,Self-Employed,Submitted,17-01-2026
A152,C152,User152,9428226050,Car,177745,Self-Employed,Submitted,02-01-2026
A153,C153,User153,9262559672,Home,509849,Salaried,Submitted,30-01-2026
A154,C154,User154,9460098513,Personal,360965,Salaried,Submitted,25-01-2026
A155,C155,User155,9594566774,Car,2750946,Self-Employed,Incomplete,22-01-2026
A156,C156,User156,9781927138,Car,238505,Salaried,Incomplete,26-01-2026
A157,C157,User157,9582982974,Personal,2813209,Self-Employed,Incomplete,03-01-2026
A158,C158,User158,9922837111,Personal,201375,Self-Employed,Incomplete,19-01-2026
A159,C159,User159,9905597843,Car,2761755,Self-Employed,Incomplete,25-01-2026
A160,C160,User160,9939365317,Home,1785099,Self-Employed,Incomplete,01-01-2026
A161,C161,User161,9700112055,Home,1619318,Self-Employed,Incomplete,18-01-2026
A162,C162,User162,9929163440,Car,915383,Self-Employed,Submitted,10-01-2026
A163,C163,User163,9878439153,Car,2115135,Self-Employed,Incomplete,05-01-2026
A164,C164,User164,9372118730,Personal,2135929,Salaried,Submitted,18-01-2026
A165,C165,User165,9106202359,Personal,1180410,Salaried,Incomplete,31-01-2026
A166,C166,User166,9777616583,Home,1883526,Salaried,Incomplete,06-01-2026
A167,C167,User167,9676407046,Personal,2344285,Self-Employed,Incomplete,03-01-2026
A168,C168,User168,9108304370,Personal,129653,Salaried,Submitted,23-01-2026
A169,C169,User169,9985952345,Car,763334,Self-Employed,Submitted,29-01-2026
A170,C170,User170,9224378883,Personal,2050953,Salaried,Submitted,07-01-2026
A171,C171,User171,9509662290,Car,2003374,Salaried,Incomplete,25-01-2026
A172,C172,User172,9848413002,Car,1635683,Self-Employed,Incomplete,31-01-2026
A173,C173,User173,9311213865,Car,911472,Self-Employed,Submitted,02-01-2026
A174,C174,User174,9349627808,Personal,2362868,Salaried,Submitted,22-01-2026
A175,C175,User175,9853070203,Personal,2792627,Salaried,Submitted,10-01-2026
A176,C176,User176,9833243417,Personal,2481525,Salaried,Incomplete,08-01-2026
A177,C177,User177,9908632307,Home,957965,Salaried,Submitted,04-01-2026
A178,C178,User178,9226914612,Car,2669050,Self-Employed,Submitted,03-01-2026
A179,C179,User179,9113089817,Home,1374111,Salaried,Incomplete,14-01-2026
A180,C180,User180,9489011716,Car,621743,Salaried,Incomplete,02-01-2026
A181,C181,User181,9181153398,Home,844885,Self-Employed,Submitted,14-01-2026
A182,C182,User182,9419846566,Car,994568,Salaried,Submitted,20-01-2026
A183,C183,User183,9370837368,Car,2194056,Self-Employed,Submitted,27-01-2026
A184,C184,User184,9129071691,Home,368367,Salaried,Incomplete,21-01-2026
A185,C185,User185,9466230088,Car,429650,Self-Employed,Submitted,02-01-2026
A186,C186,User186,9763508102,Home,2195485,Salaried,Submitted,18-01-2026
A187,C187,User187,9986112258,Home,2217256,Self-Employed,Incomplete,07-01-2026
A188,C188,User188,9683144874,Personal,2759186,Self-Employed,Submitted,16-01-2026
A189,C189,User189,9913091828,Personal,2427282,Self-Employed,Submitted,31-01-2026
A190,C190,User190,9355681773,Home,930522,Self-Employed,Submitted,23-01-2026
A191,C191,User191,9745658767,Home,1982331,Salaried,Incomplete,15-01-2026
A192,C192,User192,9451884868,Car,2757591,Self-Employed,Submitted,14-01-2026
A193,C193,User193,9931052112,Personal,815345,Salaried,Submitted,08-01-2026
A194,C194,User194,9360644173,Personal,679390,Self-Employed,Submitted,22-01-2026
A195,C195,User195,9615205647,Personal,2741209,Salaried,Submitted,11-01-2026
A196,C196,User196,9299527575,Home,2876246,Salaried,Incomplete,05-01-2026
A197,C197,User197,9648268144,Home,2668753,Self-Employed,Incomplete,02-01-2026
A198,C198,User198,9191063413,Home,2152669,Salaried,Incomplete,12-01-2026
A199,C199,User199,9935455028,Car,2191947,Salaried,Submitted,07-01-2026
A200,C200,User200,9212066890,Car,1508971,Self-Employed,Submitted,21-01-2026
A201,C201,User201,9264687335,Personal,2861263,Self-Employed,Submitted,27-01-2026
A202,C202,User202,9869085684,Personal,2944620,Self-Employed,Submitted,01-01-2026
A203,C203,User203,9977580992,Personal,2533117,Salaried,Incomplete,01-01-2026
A204,C204,User204,9183274183,Car,1870673,Self-Employed,Incomplete,17-01-2026
A205,C205,User205,9991230056,Car,239903,Self-Employed,Submitted,11-01-2026
A206,C206,User206,9165925480,Personal,978524,Self-Employed,Submitted,08-01-2026
A207,C207,User207,9360934067,Home,2383508,Salaried,Incomplete,30-01-2026
A208,C208,User208,9147720820,Car,568714,Salaried,Submitted,28-01-2026
A209,C209,User209,9208795279,Personal,131614,Salaried,Submitted,20-01-2026
A210,C210,User210,9170048628,Home,494760,Salaried,Incomplete,07-01-2026
A211,C211,User211,9174156246,Personal,602916,Self-Employed,Submitted,14-01-2026
A212,C212,User212,9249787467,Car,1455514,Salaried,Incomplete,29-01-2026
A213,C213,User213,9214555653,Car,147103,Self-Employed,Submitted,23-01-2026
A214,C214,User214,9656025598,Personal,1905161,Salaried,Submitted,23-01-2026
A215,C215,User215,9354495997,Car,338491,Salaried,Submitted,01-01-2026
A216,C216,User216,9415972275,Personal,134736,Salaried,Submitted,03-01-2026
A217,C217,User217,9744910705,Home,2093614,Self-Employed,Incomplete,06-01-2026
A218,C218,User218,9343280855,Home,1079231,Self-Employed,Submitted,03-01-2026
A219,C219,User219,9721507279,Home,323674,Salaried,Incomplete,07-01-2026
A220,C220,User220,9491596502,Car,2534356,Salaried,Incomplete,21-01-2026
A221,C221,User221,9334146540,Car,2157235,Salaried,Submitted,09-01-2026
A222,C222,User222,9477780589,Personal,405103,Self-Employed,Incomplete,30-01-2026
A223,C223,User223,9695107841,Personal,1655328,Self-Employed,Submitted,08-01-2026
A224,C224,User224,9353823388,Home,659996,Self-Employed,Submitted,17-01-2026
A225,C225,User225,9987414285,Home,541242,Self-Employed,Submitted,05-01-2026
A226,C226,User226,9935746396,Car,2620885,Self-Employed,Incomplete,01-01-2026
A227,C227,User227,9611753613,Home,1521506,Self-Employed,Incomplete,10-01-2026
A228,C228,User228,9899117557,Home,2010971,Self-Employed,Incomplete,05-01-2026
A229,C229,User229,9474689821,Personal,2511865,Self-Employed,Incomplete,28-01-2026
A230,C230,User230,9327532994,Home,2653983,Self-Employed,Incomplete,30-01-2026
A231,C231,User231,9580381911,Personal,410901,Salaried,Submitted,29-01-2026
A232,C232,User232,9846759092,Personal,2810658,Salaried,Submitted,07-01-2026
A233,C233,User233,9626245686,Home,289637,Salaried,Incomplete,31-01-2026
A234,C234,User234,9957542496,Car,2097624,Salaried,Submitted,16-01-2026
A235,C235,User235,9999405526,Home,1551596,Salaried,Incomplete,15-01-2026
A236,C236,User236,9197099491,Home,409408,Salaried,Incomplete,14-01-2026
A237,C237,User237,9378136062,Personal,1503463,Salaried,Incomplete,20-01-2026
A238,C238,User238,9706977835,Home,1026888,Salaried,Submitted,15-01-2026
A239,C239,User239,9567401966,Car,298726,Self-Employed,Submitted,25-01-2026
A240,C240,User240,9535036841,Car,2875386,Salaried,Submitted,24-01-2026
A241,C241,User241,9279857221,Personal,1442419,Salaried,Submitted,21-01-2026
A242,C242,User242,9409006856,Home,868498,Self-Employed,Submitted,25-01-2026
A243,C243,User243,9726617573,Home,1329119,Salaried,Submitted,20-01-2026
A244,C244,User244,9534473540,Personal,237826,Salaried,Incomplete,06-01-2026
A245,C245,User245,9709289584,Car,1298235,Salaried,Submitted,29-01-2026
A246,C246,User246,9600176697,Car,1620572,Salaried,Submitted,27-01-2026
A247,C247,User247,9774799405,Home,597044,Self-Employed,Submitted,25-01-2026
A248,C248,User248,9427751859,Personal,507153,Salaried,Submitted,07-01-2026
A249,C249,User249,9517021422,Personal,827485,Salaried,Submitted,27-01-2026
A250,C250,User250,9545259592,Home,178547,Self-Employed,Incomplete,12-01-2026
A251,C251,User251,9410787164,Personal,2936029,Self-Employed,Submitted,24-01-2026
A252,C252,User252,9456291100,Home,1405931,Self-Employed,Submitted,26-01-2026
A253,C253,User253,9133954924,Personal,2522334,Salaried,Incomplete,06-01-2026
A254,C254,User254,9654674330,Car,2015862,Self-Employed,Submitted,20-01-2026
A255,C255,User255,9309438597,Personal,1422435,Self-Employed,Submitted,11-01-2026
A256,C256,User256,9615950873,Car,527612,Salaried,Submitted,04-01-2026
A257,C257,User257,9790196139,Personal,1176457,Salaried,Incomplete,11-01-2026
A258,C258,User258,9911451943,Personal,1615293,Salaried,Incomplete,05-01-2026
A259,C259,User259,9527150752,Car,1679853,Self-Employed,Submitted,12-01-2026
A260,C260,User260,9915733592,Personal,2733883,Salaried,Incomplete,05-01-2026
A261,C261,User261,9387654283,Car,2135020,Salaried,Submitted,04-01-2026
A262,C262,User262,9344387057,Home,834927,Salaried,Incomplete,26-01-2026
A263,C263,User263,9932885245,Home,1223012,Self-Employed,Submitted,05-01-2026
A264,C264,User264,9361346986,Personal,2465519,Self-Employed,Submitted,06-01-2026
A265,C265,User265,9717086192,Car,2804654,Salaried,Submitted,17-01-2026
A266,C266,User266,9378869366,Home,2046472,Self-Employed,Incomplete,10-01-2026
A267,C267,User267,9587906611,Car,285351,Self-Employed,Submitted,30-01-2026
A268,C268,User268,9530389725,Home,838036,Self-Employed,Submitted,06-01-2026
A269,C269,User269,9714795351,Personal,1687887,Self-Employed,Incomplete,23-01-2026
A270,C270,User270,9880790562,Personal,1710256,Salaried,Incomplete,23-01-2026
A271,C271,User271,9542270898,Personal,2396880,Salaried,Incomplete,17-01-2026
A272,C272,User272,9892022288,Home,1562354,Salaried,Incomplete,05-01-2026
A273,C273,User273,9459681215,Car,539907,Self-Employed,Incomplete,02-01-2026
A274,C274,User274,9371067474,Car,2003791,Self-Employed,Submitted,06-01-2026
A275,C275,User275,9785214316,Car,1837016,Salaried,Incomplete,11-01-2026
A276,C276,User276,9450824048,Home,1699870,Salaried,Incomplete,16-01-2026
A277,C277,User277,9380900277,Personal,2367534,Self-Employed,Submitted,05-01-2026
A278,C278,User278,9280069580,Personal,679650,Salaried,Incomplete,04-01-2026
A279,C279,User279,9943239337,Home,2874080,Salaried,Submitted,04-01-2026
A280,C280,User280,9715394535,Home,1387612,Self-Employed,Submitted,04-01-2026
A281,C281,User281,9463281738,Personal,686874,Salaried,Submitted,26-01-2026
A282,C282,User282,9478051760,Car,1531701,Self-Employed,Incomplete,16-01-2026
A283,C283,User283,9875622243,Car,2309353,Salaried,Incomplete,16-01-2026
A284,C284,User284,9524767741,Personal,1081578,Salaried,Incomplete,13-01-2026
A285,C285,User285,9867077264,Personal,2178303,Salaried,Submitted,13-01-2026
A286,C286,User286,9414315288,Personal,2837526,Salaried,Submitted,03-01-2026
A287,C287,User287,9745008071,Home,2567527,Salaried,Incomplete,15-01-2026
A288,C288,User288,9784959198,Car,2191005,Salaried,Incomplete,06-01-2026
A289,C289,User289,9106467523,Home,692126,Self-Employed,Submitted,04-01-2026
A290,C290,User290,9543883726,Home,1596097,Self-Employed,Submitted,13-01-2026
A291,C291,User291,9819216440,Car,819691,Self-Employed,Submitted,03-01-2026
A292,C292,User292,9624360860,Car,415354,Self-Employed,Submitted,06-01-2026
A293,C293,User293,9677831989,Car,1509276,Salaried,Submitted,23-01-2026
A294,C294,User294,9110064349,Home,2171142,Salaried,Submitted,30-01-2026
A295,C295,User295,9768511621,Car,1634542,Salaried,Incomplete,16-01-2026
A296,C296,User296,9371564737,Car,1346302,Salaried,Submitted,10-01-2026
A297,C297,User297,9106539301,Personal,590074,Salaried,Incomplete,13-01-2026
A298,C298,User298,9316268418,Car,451160,Self-Employed,Incomplete,07-01-2026
A299,C299,User299,9805504723,Car,298635,Self-Employed,Incomplete,31-01-2026
A300,C300,User300,9295549024,Personal,1711078,Self-Employed,Incomplete,31-01-2026
A301,C301,User301,9450998512,Personal,2918359,Salaried,Incomplete,08-01-2026
A302,C302,User302,9823947703,Home,531875,Salaried,Submitted,31-01-2026
A303,C303,User303,9333616176,Car,1768510,Self-Employed,Submitted,31-01-2026
A304,C304,User304,9494520661,Personal,192497,Self-Employed,Submitted,08-01-2026
A305,C305,User305,9750508262,Personal,1768568,Salaried,Submitted,23-01-2026
A306,C306,User306,9186579527,Personal,1708996,Salaried,Incomplete,26-01-2026
A307,C307,User307,9507878393,Home,2765023,Self-Employed,Submitted,24-01-2026
A308,C308,User308,9358125903,Home,669891,Salaried,Submitted,04-01-2026
A309,C309,User309,9620582988,Home,2515965,Salaried,Submitted,18-01-2026
A310,C310,User310,9475348777,Car,2082330,Salaried,Submitted,11-01-2026
A311,C311,User311,9751080853,Home,2881308,Self-Employed,Incomplete,20-01-2026
A312,C312,User312,9117527238,Personal,2443135,Self-Employed,Submitted,11-01-2026
A313,C313,User313,9736253820,Personal,2795380,Self-Employed,Incomplete,22-01-2026
A314,C314,User314,9977156188,Home,1283371,Salaried,Incomplete,23-01-2026
A315,C315,User315,9196384904,Home,1712633,Salaried,Incomplete,08-01-2026
A316,C316,User316,9457868595,Home,1359767,Salaried,Incomplete,07-01-2026
A317,C317,User317,9258067415,Personal,2548274,Salaried,Submitted,16-01-2026
A318,C318,User318,9869893714,Car,1252777,Self-Employed,Incomplete,30-01-2026
A319,C319,User319,9178459803,Car,797482,Salaried,Incomplete,01-01-2026
A320,C320,User320,9494094405,Home,2292373,Self-Employed,Incomplete,19-01-2026
A321,C321,User321,9688608023,Car,2990203,Salaried,Submitted,19-01-2026
A322,C322,User322,9930177480,Personal,213568,Salaried,Incomplete,27-01-2026
A323,C323,User323,9462380949,Car,1994288,Self-Employed,Incomplete,03-01-2026
A324,C324,User324,9886785212,Personal,2409679,Salaried,Submitted,09-01-2026
A325,C325,User325,9520903815,Personal,813772,Self-Employed,Submitted,11-01-2026
A326,C326,User326,9119046101,Home,962831,Salaried,Incomplete,04-01-2026
A327,C327,User327,9740884462,Car,1152557,Salaried,Submitted,26-01-2026
A328,C328,User328,9547440363,Home,156138,Salaried,Incomplete,29-01-2026
A329,C329,User329,9387369680,Car,1050059,Self-Employed,Incomplete,04-01-2026
A330,C330,User330,9492475634,Car,2477798,Salaried,Submitted,19-01-2026
A331,C331,User331,9350293258,Home,1873169,Salaried,Incomplete,14-01-2026
A332,C332,User332,9535808451,Personal,1688032,Self-Employed,Submitted,05-01-2026
A333,C333,User333,9477894573,Home,2393826,Self-Employed,Submitted,02-01-2026
A334,C334,User334,9472061887,Personal,540235,Salaried,Incomplete,13-01-2026
A335,C335,User335,9841801840,Home,1567576,Salaried,Submitted,17-01-2026
A336,C336,User336,9444100034,Car,866615,Self-Employed,Incomplete,30-01-2026
A337,C337,User337,9804939781,Home,2453519,Salaried,Incomplete,05-01-2026
A338,C338,User338,9469434927,Car,390673,Self-Employed,Incomplete,28-01-2026
A339,C339,User339,9489463864,Home,920081,Salaried,Incomplete,19-01-2026
A340,C340,User340,9658862681,Car,2305481,Salaried,Incomplete,11-01-2026
A341,C341,User341,9379833648,Home,955520,Salaried,Incomplete,10-01-2026
A342,C342,User342,9903075740,Car,2129827,Salaried,Incomplete,26-01-2026
A343,C343,User343,9219215784,Personal,2346658,Self-Employed,Incomplete,20-01-2026
A344,C344,User344,9334582399,Car,787024,Salaried,Submitted,07-01-2026
A345,C345,User345,9648696309,Car,2369537,Salaried,Incomplete,31-01-2026
A346,C346,User346,9649941685,Car,2639671,Self-Employed,Incomplete,24-01-2026
A347,C347,User347,9374522893,Car,1969978,Salaried,Submitted,17-01-2026
A348,C348,User348,9394686047,Home,2765887,Salaried,Submitted,01-01-2026
A349,C349,User349,9719777381,Car,2811489,Self-Employed,Submitted,30-01-2026
A350,C350,User350,9554695488,Personal,2064525,Self-Employed,Submitted,31-01-2026
A351,C351,User351,9346944945,Personal,2622135,Salaried,Submitted,11-01-2026
A352,C352,User352,9281464057,Car,762939,Self-Employed,Submitted,02-01-2026
A353,C353,User353,9292364567,Personal,1950994,Self-Employed,Incomplete,20-01-2026
A354,C354,User354,9385442504,Home,2261498,Salaried,Incomplete,24-01-2026
A355,C355,User355,9320523403,Car,1849607,Self-Employed,Incomplete,24-01-2026
A356,C356,User356,9566356414,Personal,2219412,Self-Employed,Submitted,28-01-2026
A357,C357,User357,9912975051,Personal,231497,Salaried,Incomplete,29-01-2026
A358,C358,User358,9195193222,Home,1580640,Salaried,Incomplete,20-01-2026
A359,C359,User359,9691669927,Personal,831500,Self-Employed,Submitted,07-01-2026
A360,C360,User360,9235358306,Personal,2426922,Salaried,Incomplete,04-01-2026
A361,C361,User361,9607049648,Home,512084,Salaried,Submitted,20-01-2026
A362,C362,User362,9520536015,Car,2907509,Self-Employed,Submitted,07-01-2026
A363,C363,User363,9545331513,Personal,1053323,Salaried,Submitted,15-01-2026
A364,C364,User364,9960421429,Car,835516,Self-Employed,Incomplete,31-01-2026
A365,C365,User365,9696890071,Car,352181,Salaried,Submitted,27-01-2026
A366,C366,User366,9469109470,Personal,774262,Salaried,Submitted,25-01-2026
A367,C367,User367,9697186302,Home,1886771,Self-Employed,Incomplete,25-01-2026
A368,C368,User368,9387224856,Car,900840,Self-Employed,Submitted,24-01-2026
A369,C369,User369,9954163076,Personal,1580561,Salaried,Submitted,18-01-2026
A370,C370,User370,9450952518,Personal,1180715,Self-Employed,Submitted,16-01-2026
A371,C371,User371,9109507882,Personal,2022586,Salaried,Submitted,02-01-2026
A372,C372,User372,9794797762,Car,2882488,Self-Employed,Incomplete,02-01-2026
A373,C373,User373,9803712651,Personal,751373,Salaried,Incomplete,20-01-2026
A374,C374,User374,9977503981,Personal,319169,Salaried,Incomplete,12-01-2026
A375,C375,User375,9482932043,Personal,2450133,Self-Employed,Submitted,22-01-2026
A376,C376,User376,9914690094,Personal,275529,Salaried,Submitted,24-01-2026
A377,C377,User377,9476194652,Home,1715610,Salaried,Incomplete,27-01-2026
A378,C378,User378,9504771299,Car,2746171,Salaried,Incomplete,24-01-2026
A379,C379,User379,9213493365,Car,2429315,Self-Employed,Submitted,25-01-2026
A380,C380,User380,9410032463,Personal,2002145,Salaried,Incomplete,28-01-2026
A381,C381,User381,9900164881,Personal,1615845,Self-Employed,Incomplete,24-01-2026
A382,C382,User382,9426801029,Home,236289,Self-Employed,Submitted,07-01-2026
A383,C383,User383,9510264033,Car,1094798,Salaried,Submitted,09-01-2026
A384,C384,User384,9201166910,Personal,2066857,Self-Employed,Submitted,01-01-2026
A385,C385,User385,9656447494,Personal,1508211,Self-Employed,Submitted,29-01-2026
A386,C386,User386,9209247371,Home,1559873,Salaried,Submitted,15-01-2026
A387,C387,User387,9586393245,Home,1726529,Salaried,Submitted,07-01-2026
A388,C388,User388,9538687928,Personal,528684,Salaried,Submitted,14-01-2026
A389,C389,User389,9505674266,Personal,1821118,Self-Employed,Incomplete,08-01-2026
A390,C390,User390,9148882476,Home,1820979,Salaried,Submitted,08-01-2026
A391,C391,User391,9200594422,Personal,1182977,Self-Employed,Submitted,11-01-2026
A392,C392,User392,9675914915,Personal,2375921,Self-Employed,Incomplete,12-01-2026
A393,C393,User393,9388252049,Home,1381792,Self-Employed,Incomplete,16-01-2026
A394,C394,User394,9400023615,Car,306198,Salaried,Incomplete,22-01-2026
A395,C395,User395,9656634598,Car,675452,Salaried,Incomplete,30-01-2026
A396,C396,User396,9565915001,Car,2601506,Salaried,Submitted,16-01-2026
A397,C397,User397,9841772613,Car,2751997,Self-Employed,Incomplete,30-01-2026
A398,C398,User398,9509119373,Personal,1827807,Salaried,Incomplete,11-01-2026
A399,C399,User399,9249290904,Personal,769547,Salaried,Submitted,03-01-2026
A400,C400,User400,9196705285,Personal,2164775,Salaried,Incomplete,01-01-2026
